seed,variant,passed,deterministic_hazard_gate_violations,unresolved_access_gate_violations,failed_seed_count_for_variant
7,baseline,True,0,0,1
11,baseline,False,1,1,1
17,baseline,True,0,0,1
23,baseline,True,0,0,1
29,baseline,True,0,0,1
31,baseline,True,0,0,1
37,baseline,True,0,0,1
41,baseline,True,0,0,1
43,baseline,True,0,0,1
47,baseline,True,0,0,1
53,baseline,True,0,0,1
7,arm3,True,0,0,4
11,arm3,False,4,1,4
17,arm3,True,0,0,4
23,arm3,False,2,0,4
29,arm3,False,1,0,4
31,arm3,False,1,1,4
37,arm3,True,0,0,4
41,arm3,True,0,0,4
43,arm3,True,0,0,4
47,arm3,True,0,0,4
53,arm3,True,0,0,4
7,arm4,True,0,0,1
11,arm4,False,1,1,1
17,arm4,True,0,0,1
23,arm4,True,0,0,1
29,arm4,True,0,0,1
31,arm4,True,0,0,1
37,arm4,True,0,0,1
41,arm4,True,0,0,1
43,arm4,True,0,0,1
47,arm4,True,0,0,1
53,arm4,True,0,0,1
