scenario,treatment,comparator,n_paired_seeds,mean_reward_delta,ci95_low,ci95_high,direction
reference_v1,arm3,baseline,11,-35.37489177489178,-71.31866999131961,0.5688864415360513,lower
reference_v1,arm4,baseline,11,-0.1402597402597402,-0.36309826010003976,0.08257877958055937,lower
reference_v1,arm4,arm3,11,35.234632034632035,-0.5984303051498827,71.06769437441395,higher
lighter_delay,arm3,baseline,11,-35.24588744588744,-71.2837317661158,0.7919568743409187,lower
lighter_delay,arm4,baseline,11,-0.1393939393939394,-0.3627129165635403,0.08392503777566152,lower
lighter_delay,arm4,arm3,11,35.1064935064935,-0.8180958460869618,71.03108285907396,higher
heavier_delay,arm3,baseline,11,-35.632900432900435,-71.39745951070707,0.13165864490619583,lower
heavier_delay,arm4,baseline,11,-0.14199134199134208,-0.36491000996509554,0.08092732598241137,lower
heavier_delay,arm4,arm3,11,35.49090909090909,-0.16769192116883147,71.14951010298702,higher
lighter_terminal_error,arm3,baseline,11,-34.48095238095238,-69.68011837285371,0.7182136109489505,lower
lighter_terminal_error,arm4,baseline,11,-0.09696969696969691,-0.3137126563278993,0.11977326238850548,lower
lighter_terminal_error,arm4,arm3,11,34.38398268398269,-0.7405915781278267,69.5085569460932,higher
heavier_terminal_error,arm3,baseline,11,-37.16277056277056,-74.60615617633835,0.2806150507972305,lower
heavier_terminal_error,arm4,baseline,11,-0.22683982683982684,-0.5597644724992945,0.10608481881964088,lower
heavier_terminal_error,arm4,arm3,11,36.93593073593073,-0.32189880777897173,74.19376027964043,higher
lower_catastrophe_penalty,arm3,baseline,11,-18.05887445887446,-36.44559639935421,0.3278474816052892,lower
lower_catastrophe_penalty,arm4,baseline,11,-0.1402597402597402,-0.36309826010003976,0.08257877958055937,lower
lower_catastrophe_penalty,arm4,arm3,11,17.91861471861472,-0.3597684941626156,36.196997931392055,higher
higher_catastrophe_penalty,arm3,baseline,11,-70.00692640692641,-141.20936353508614,1.1955107212333331,lower
higher_catastrophe_penalty,arm4,baseline,11,-0.1402597402597402,-0.36309826010003976,0.08257877958055937,lower
higher_catastrophe_penalty,arm4,arm3,11,69.86666666666667,-1.2240573921100548,140.95739072544342,higher
