scenario,variant,mean_seed_reward,median_seed_reward,rank_higher_is_better,ranking_changed_from_reference
reference_v1,baseline,-12.701298701298702,-5.6380952380952385,1,False
reference_v1,arm3,-48.07619047619048,-5.6380952380952385,3,False
reference_v1,arm4,-12.841558441558442,-5.6380952380952385,2,False
lighter_delay,baseline,-12.463203463203463,-5.319047619047619,1,False
lighter_delay,arm3,-47.709090909090904,-5.319047619047619,3,False
lighter_delay,arm4,-12.602597402597404,-5.319047619047619,2,False
heavier_delay,baseline,-13.177489177489178,-6.276190476190477,1,False
heavier_delay,arm3,-48.81038961038961,-6.276190476190477,3,False
heavier_delay,arm4,-13.319480519480521,-6.276190476190477,2,False
lighter_terminal_error,baseline,-12.316017316017316,-5.6380952380952385,1,False
lighter_terminal_error,arm3,-46.7969696969697,-5.6380952380952385,3,False
lighter_terminal_error,arm4,-12.412987012987013,-5.6380952380952385,2,False
heavier_terminal_error,baseline,-13.471861471861471,-5.6380952380952385,1,False
heavier_terminal_error,arm3,-50.63463203463203,-6.152380952380952,3,False
heavier_terminal_error,arm4,-13.698701298701298,-5.6380952380952385,2,False
lower_catastrophe_penalty,baseline,-8.372294372294373,-5.6380952380952385,1,False
lower_catastrophe_penalty,arm3,-26.43116883116883,-5.6380952380952385,3,False
lower_catastrophe_penalty,arm4,-8.512554112554113,-5.6380952380952385,2,False
higher_catastrophe_penalty,baseline,-21.359307359307362,-5.6380952380952385,1,False
higher_catastrophe_penalty,arm3,-91.36623376623378,-5.6380952380952385,3,False
higher_catastrophe_penalty,arm4,-21.499567099567102,-5.6380952380952385,2,False
