scenario,seed,variant,mean_reward
reference_v1,7,arm3,-5.6380952380952385
reference_v1,7,arm4,-5.6380952380952385
reference_v1,7,baseline,-5.6380952380952385
reference_v1,11,arm3,-248.0761904761905
reference_v1,11,arm4,-100.23809523809524
reference_v1,11,baseline,-100.23809523809524
reference_v1,17,arm3,-8.19047619047619
reference_v1,17,arm4,1.9428571428571426
reference_v1,17,baseline,2.0
reference_v1,23,arm3,-100.78095238095239
reference_v1,23,arm4,-5.6380952380952385
reference_v1,23,baseline,-4.571428571428572
reference_v1,29,arm3,-50.838095238095235
reference_v1,29,arm4,-5.6380952380952385
reference_v1,29,baseline,-5.6380952380952385
reference_v1,31,arm3,-100.23809523809524
reference_v1,31,arm4,-5.295238095238095
reference_v1,31,baseline,-4.876190476190477
reference_v1,37,arm3,-4.247619047619048
reference_v1,37,arm4,-5.6380952380952385
reference_v1,37,baseline,-5.6380952380952385
reference_v1,41,arm3,-5.6380952380952385
reference_v1,41,arm4,-5.6380952380952385
reference_v1,41,baseline,-5.6380952380952385
reference_v1,43,arm3,-5.6380952380952385
reference_v1,43,arm4,-5.6380952380952385
reference_v1,43,baseline,-5.6380952380952385
reference_v1,47,arm3,0.295238095238095
reference_v1,47,arm4,1.7999999999999998
reference_v1,47,baseline,1.7999999999999998
reference_v1,53,arm3,0.15238095238095226
reference_v1,53,arm4,-5.6380952380952385
reference_v1,53,baseline,-5.6380952380952385
lighter_delay,7,arm3,-5.319047619047619
lighter_delay,7,arm4,-5.319047619047619
lighter_delay,7,baseline,-5.319047619047619
lighter_delay,11,arm3,-248.0380952380952
lighter_delay,11,arm4,-100.23809523809524
lighter_delay,11,baseline,-100.23809523809524
lighter_delay,17,arm3,-6.595238095238095
lighter_delay,17,arm4,1.9714285714285713
lighter_delay,17,baseline,2.0
lighter_delay,23,arm3,-100.5809523809524
lighter_delay,23,arm4,-5.319047619047619
lighter_delay,23,baseline,-4.261904761904762
lighter_delay,29,arm3,-50.65714285714286
lighter_delay,29,arm4,-5.319047619047619
lighter_delay,29,baseline,-5.319047619047619
lighter_delay,31,arm3,-100.23809523809524
lighter_delay,31,arm4,-5.0285714285714285
lighter_delay,31,baseline,-4.580952380952381
lighter_delay,37,arm3,-3.6714285714285713
lighter_delay,37,arm4,-5.319047619047619
lighter_delay,37,baseline,-5.319047619047619
lighter_delay,41,arm3,-5.319047619047619
lighter_delay,41,arm4,-5.319047619047619
lighter_delay,41,baseline,-5.319047619047619
lighter_delay,43,arm3,-5.319047619047619
lighter_delay,43,arm4,-5.319047619047619
lighter_delay,43,baseline,-5.319047619047619
lighter_delay,47,arm3,0.4333333333333333
lighter_delay,47,arm4,1.9
lighter_delay,47,baseline,1.9
lighter_delay,53,arm3,0.5047619047619047
lighter_delay,53,arm4,-5.319047619047619
lighter_delay,53,baseline,-5.319047619047619
heavier_delay,7,arm3,-6.276190476190477
heavier_delay,7,arm4,-6.276190476190477
heavier_delay,7,baseline,-6.276190476190477
heavier_delay,11,arm3,-248.15238095238098
heavier_delay,11,arm4,-100.23809523809524
heavier_delay,11,baseline,-100.23809523809524
heavier_delay,17,arm3,-11.380952380952381
heavier_delay,17,arm4,1.8857142857142857
heavier_delay,17,baseline,2.0
heavier_delay,23,arm3,-101.18095238095236
heavier_delay,23,arm4,-6.276190476190477
heavier_delay,23,baseline,-5.190476190476191
heavier_delay,29,arm3,-51.2
heavier_delay,29,arm4,-6.276190476190477
heavier_delay,29,baseline,-6.276190476190477
heavier_delay,31,arm3,-100.23809523809524
heavier_delay,31,arm4,-5.828571428571429
heavier_delay,31,baseline,-5.466666666666667
heavier_delay,37,arm3,-5.4
heavier_delay,37,arm4,-6.276190476190477
heavier_delay,37,baseline,-6.276190476190477
heavier_delay,41,arm3,-6.276190476190477
heavier_delay,41,arm4,-6.276190476190477
heavier_delay,41,baseline,-6.276190476190477
heavier_delay,43,arm3,-6.276190476190477
heavier_delay,43,arm4,-6.276190476190477
heavier_delay,43,baseline,-6.276190476190477
heavier_delay,47,arm3,0.019047619047619042
heavier_delay,47,arm4,1.6
heavier_delay,47,baseline,1.6
heavier_delay,53,arm3,-0.5523809523809524
heavier_delay,53,arm4,-6.276190476190477
heavier_delay,53,baseline,-6.276190476190477
lighter_terminal_error,7,arm3,-5.6380952380952385
lighter_terminal_error,7,arm4,-5.6380952380952385
lighter_terminal_error,7,baseline,-5.6380952380952385
lighter_terminal_error,11,arm3,-242.24285714285716
lighter_terminal_error,11,arm4,-96.9047619047619
lighter_terminal_error,11,baseline,-96.9047619047619
lighter_terminal_error,17,arm3,-8.19047619047619
lighter_terminal_error,17,arm4,2.276190476190476
lighter_terminal_error,17,baseline,2.3333333333333335
lighter_terminal_error,23,arm3,-98.4
lighter_terminal_error,23,arm4,-5.6380952380952385
lighter_terminal_error,23,baseline,-4.571428571428572
lighter_terminal_error,29,arm3,-49.647619047619045
lighter_terminal_error,29,arm4,-5.6380952380952385
lighter_terminal_error,29,baseline,-5.6380952380952385
lighter_terminal_error,31,arm3,-96.9047619047619
lighter_terminal_error,31,arm4,-4.580952380952381
lighter_terminal_error,31,baseline,-4.6380952380952385
lighter_terminal_error,37,arm3,-3.2952380952380955
lighter_terminal_error,37,arm4,-5.6380952380952385
lighter_terminal_error,37,baseline,-5.6380952380952385
lighter_terminal_error,41,arm3,-5.6380952380952385
lighter_terminal_error,41,arm4,-5.6380952380952385
lighter_terminal_error,41,baseline,-5.6380952380952385
lighter_terminal_error,43,arm3,-5.6380952380952385
lighter_terminal_error,43,arm4,-5.6380952380952385
lighter_terminal_error,43,baseline,-5.6380952380952385
lighter_terminal_error,47,arm3,0.5809523809523809
lighter_terminal_error,47,arm4,2.1333333333333333
lighter_terminal_error,47,baseline,2.1333333333333333
lighter_terminal_error,53,arm3,0.2476190476190475
lighter_terminal_error,53,arm4,-5.6380952380952385
lighter_terminal_error,53,baseline,-5.6380952380952385
heavier_terminal_error,7,arm3,-5.6380952380952385
heavier_terminal_error,7,arm4,-5.6380952380952385
heavier_terminal_error,7,baseline,-5.6380952380952385
heavier_terminal_error,11,arm3,-259.74285714285713
heavier_terminal_error,11,arm4,-106.9047619047619
heavier_terminal_error,11,baseline,-106.9047619047619
heavier_terminal_error,17,arm3,-8.19047619047619
heavier_terminal_error,17,arm4,1.276190476190476
heavier_terminal_error,17,baseline,1.3333333333333333
heavier_terminal_error,23,arm3,-105.54285714285714
heavier_terminal_error,23,arm4,-5.6380952380952385
heavier_terminal_error,23,baseline,-4.571428571428572
heavier_terminal_error,29,arm3,-53.219047619047615
heavier_terminal_error,29,arm4,-5.6380952380952385
heavier_terminal_error,29,baseline,-5.6380952380952385
heavier_terminal_error,31,arm3,-106.9047619047619
heavier_terminal_error,31,arm4,-6.723809523809525
heavier_terminal_error,31,baseline,-5.352380952380953
heavier_terminal_error,37,arm3,-6.152380952380952
heavier_terminal_error,37,arm4,-5.6380952380952385
heavier_terminal_error,37,baseline,-5.6380952380952385
heavier_terminal_error,41,arm3,-5.6380952380952385
heavier_terminal_error,41,arm4,-5.6380952380952385
heavier_terminal_error,41,baseline,-5.6380952380952385
heavier_terminal_error,43,arm3,-5.6380952380952385
heavier_terminal_error,43,arm4,-5.6380952380952385
heavier_terminal_error,43,baseline,-5.6380952380952385
heavier_terminal_error,47,arm3,-0.2761904761904764
heavier_terminal_error,47,arm4,1.1333333333333333
heavier_terminal_error,47,baseline,1.1333333333333333
heavier_terminal_error,53,arm3,-0.03809523809523822
heavier_terminal_error,53,arm4,-5.6380952380952385
heavier_terminal_error,53,baseline,-5.6380952380952385
lower_catastrophe_penalty,7,arm3,-5.6380952380952385
lower_catastrophe_penalty,7,arm4,-5.6380952380952385
lower_catastrophe_penalty,7,baseline,-5.6380952380952385
lower_catastrophe_penalty,11,arm3,-129.02857142857144
lower_catastrophe_penalty,11,arm4,-52.61904761904762
lower_catastrophe_penalty,11,baseline,-52.61904761904762
lower_catastrophe_penalty,17,arm3,-8.19047619047619
lower_catastrophe_penalty,17,arm4,1.9428571428571426
lower_catastrophe_penalty,17,baseline,2.0
lower_catastrophe_penalty,23,arm3,-53.16190476190476
lower_catastrophe_penalty,23,arm4,-5.6380952380952385
lower_catastrophe_penalty,23,baseline,-4.571428571428572
lower_catastrophe_penalty,29,arm3,-27.02857142857143
lower_catastrophe_penalty,29,arm4,-5.6380952380952385
lower_catastrophe_penalty,29,baseline,-5.6380952380952385
lower_catastrophe_penalty,31,arm3,-52.61904761904762
lower_catastrophe_penalty,31,arm4,-5.295238095238095
lower_catastrophe_penalty,31,baseline,-4.876190476190477
lower_catastrophe_penalty,37,arm3,-4.247619047619048
lower_catastrophe_penalty,37,arm4,-5.6380952380952385
lower_catastrophe_penalty,37,baseline,-5.6380952380952385
lower_catastrophe_penalty,41,arm3,-5.6380952380952385
lower_catastrophe_penalty,41,arm4,-5.6380952380952385
lower_catastrophe_penalty,41,baseline,-5.6380952380952385
lower_catastrophe_penalty,43,arm3,-5.6380952380952385
lower_catastrophe_penalty,43,arm4,-5.6380952380952385
lower_catastrophe_penalty,43,baseline,-5.6380952380952385
lower_catastrophe_penalty,47,arm3,0.295238095238095
lower_catastrophe_penalty,47,arm4,1.7999999999999998
lower_catastrophe_penalty,47,baseline,1.7999999999999998
lower_catastrophe_penalty,53,arm3,0.15238095238095226
lower_catastrophe_penalty,53,arm4,-5.6380952380952385
lower_catastrophe_penalty,53,baseline,-5.6380952380952385
higher_catastrophe_penalty,7,arm3,-5.6380952380952385
higher_catastrophe_penalty,7,arm4,-5.6380952380952385
higher_catastrophe_penalty,7,baseline,-5.6380952380952385
higher_catastrophe_penalty,11,arm3,-486.1714285714286
higher_catastrophe_penalty,11,arm4,-195.47619047619048
higher_catastrophe_penalty,11,baseline,-195.47619047619048
higher_catastrophe_penalty,17,arm3,-8.19047619047619
higher_catastrophe_penalty,17,arm4,1.9428571428571426
higher_catastrophe_penalty,17,baseline,2.0
higher_catastrophe_penalty,23,arm3,-196.01904761904765
higher_catastrophe_penalty,23,arm4,-5.6380952380952385
higher_catastrophe_penalty,23,baseline,-4.571428571428572
higher_catastrophe_penalty,29,arm3,-98.45714285714286
higher_catastrophe_penalty,29,arm4,-5.6380952380952385
higher_catastrophe_penalty,29,baseline,-5.6380952380952385
higher_catastrophe_penalty,31,arm3,-195.47619047619048
higher_catastrophe_penalty,31,arm4,-5.295238095238095
higher_catastrophe_penalty,31,baseline,-4.876190476190477
higher_catastrophe_penalty,37,arm3,-4.247619047619048
higher_catastrophe_penalty,37,arm4,-5.6380952380952385
higher_catastrophe_penalty,37,baseline,-5.6380952380952385
higher_catastrophe_penalty,41,arm3,-5.6380952380952385
higher_catastrophe_penalty,41,arm4,-5.6380952380952385
higher_catastrophe_penalty,41,baseline,-5.6380952380952385
higher_catastrophe_penalty,43,arm3,-5.6380952380952385
higher_catastrophe_penalty,43,arm4,-5.6380952380952385
higher_catastrophe_penalty,43,baseline,-5.6380952380952385
higher_catastrophe_penalty,47,arm3,0.295238095238095
higher_catastrophe_penalty,47,arm4,1.7999999999999998
higher_catastrophe_penalty,47,baseline,1.7999999999999998
higher_catastrophe_penalty,53,arm3,0.15238095238095226
higher_catastrophe_penalty,53,arm4,-5.6380952380952385
higher_catastrophe_penalty,53,baseline,-5.6380952380952385
