episode,return,belief_match
0,-0.490000,1.000000
1,-1.010000,0.000000
2,0.990000,1.000000
3,-0.460000,1.000000
4,-0.470000,1.000000
5,0.990000,1.000000
6,0.510000,0.500000
7,0.990000,1.000000
8,-0.500000,0.333333
9,-0.410000,1.000000
10,0.510000,1.000000
11,0.990000,1.000000
12,-0.460000,1.000000
13,-0.480000,0.666667
14,0.540000,1.000000
15,-0.470000,1.000000
16,0.330000,1.000000
17,-0.410000,0.000000
18,-0.460000,1.000000
19,0.300000,1.000000
20,0.330000,0.666667
21,0.540000,1.000000
22,-1.010000,0.000000
23,-0.580000,1.000000
24,-0.410000,1.000000
25,-0.450000,0.000000
26,0.320000,1.000000
27,0.360000,1.000000
28,-0.420000,1.000000
29,0.540000,1.000000
30,-0.490000,1.000000
31,-0.500000,0.333333
32,0.540000,1.000000
33,0.960000,0.500000
34,0.990000,1.000000
35,0.540000,0.000000
36,-0.460000,0.750000
37,0.530000,0.500000
38,0.510000,1.000000
39,-1.010000,0.000000
40,0.540000,1.000000
41,0.960000,1.000000
42,-0.490000,1.000000
43,0.390000,1.000000
44,0.530000,1.000000
45,0.370000,1.000000
46,-1.010000,0.000000
47,0.540000,1.000000
48,0.500000,0.666667
49,0.330000,1.000000
